<?xml version="1.0" encoding="utf-8"?>
<Document-Order>
    <Order-Header>
        <OrderNumber>5700496850</OrderNumber>
        <OrderDate>2016-11-19</OrderDate>
        <ExpectedDeliveryDate>2016-11-20</ExpectedDeliveryDate>
        <ContractNumber>01-6/10023</ContractNumber>
        <Currency>RUB</Currency>
        <DocumentFunctionCode>O</DocumentFunctionCode>
    </Order-Header>
    <Order-Parties>
        <Buyer>
            <ILN>4606038008351</ILN>
        </Buyer>
        <Seller>
            <ILN>4607029939999</ILN>
            <CodeByBuyer>7000012807</CodeByBuyer>
        </Seller>
        <DeliveryPoint>
            <ILN>4606038010798</ILN>
        </DeliveryPoint>
    </Order-Parties>
    <Order-Lines>
        <Line>
            <Line-Item>
                <LineNumber>1</LineNumber>
                <EAN>4606548000623</EAN>
                <BuyerItemCode>43858</BuyerItemCode>
                <OrderedQuantity>4</OrderedQuantity>
                <OrderedUnitPacksize>4.000</OrderedUnitPacksize>
                <UnitOfMeasure>PCE</UnitOfMeasure>
                <OrderedUnitNetPrice>70.20</OrderedUnitNetPrice>
                <OrderedUnitGrossPrice>82.84</OrderedUnitGrossPrice>
                <TaxRate>18.0</TaxRate>
            </Line-Item>
        </Line>
        <Line>
            <Line-Item>
                <LineNumber>2</LineNumber>
                <EAN>4607065710248</EAN>
                <BuyerItemCode>49246</BuyerItemCode>
                <OrderedQuantity>8</OrderedQuantity>
                <OrderedUnitPacksize>4.000</OrderedUnitPacksize>
                <UnitOfMeasure>PCE</UnitOfMeasure>
                <OrderedUnitNetPrice>78.65</OrderedUnitNetPrice>
                <OrderedUnitGrossPrice>92.81</OrderedUnitGrossPrice>
                <TaxRate>18.0</TaxRate>
            </Line-Item>
        </Line>
        <Line>
            <Line-Item>
                <LineNumber>3</LineNumber>
                <EAN>4607065710354</EAN>
                <BuyerItemCode>56625</BuyerItemCode>
                <OrderedQuantity>4</OrderedQuantity>
                <OrderedUnitPacksize>4.000</OrderedUnitPacksize>
                <UnitOfMeasure>PCE</UnitOfMeasure>
                <OrderedUnitNetPrice>78.56</OrderedUnitNetPrice>
                <OrderedUnitGrossPrice>92.70</OrderedUnitGrossPrice>
                <TaxRate>18.0</TaxRate>
            </Line-Item>
        </Line>
        <Line>
            <Line-Item>
                <LineNumber>4</LineNumber>
                <EAN>4606548000869</EAN>
                <BuyerItemCode>94078</BuyerItemCode>
                <OrderedQuantity>10</OrderedQuantity>
                <OrderedUnitPacksize>5.000</OrderedUnitPacksize>
                <UnitOfMeasure>PCE</UnitOfMeasure>
                <OrderedUnitNetPrice>108.48</OrderedUnitNetPrice>
                <OrderedUnitGrossPrice>128.01</OrderedUnitGrossPrice>
                <TaxRate>18.0</TaxRate>
            </Line-Item>
        </Line>
        <Line>
            <Line-Item>
                <LineNumber>5</LineNumber>
                <EAN>4607029346117</EAN>
                <BuyerItemCode>2101072</BuyerItemCode>
                <OrderedQuantity>1</OrderedQuantity>
                <OrderedUnitPacksize>1.000</OrderedUnitPacksize>
                <UnitOfMeasure>PCE</UnitOfMeasure>
                <OrderedUnitNetPrice>138.06</OrderedUnitNetPrice>
                <OrderedUnitGrossPrice>151.87</OrderedUnitGrossPrice>
                <TaxRate>10.0</TaxRate>
            </Line-Item>
        </Line>
        <Line>
            <Line-Item>
                <LineNumber>6</LineNumber>
                <EAN>4607029349149</EAN>
                <BuyerItemCode>2141880</BuyerItemCode>
                <OrderedQuantity>4</OrderedQuantity>
                <OrderedUnitPacksize>2.000</OrderedUnitPacksize>
                <UnitOfMeasure>PCE</UnitOfMeasure>
                <OrderedUnitNetPrice>75.82</OrderedUnitNetPrice>
                <OrderedUnitGrossPrice>89.47</OrderedUnitGrossPrice>
                <TaxRate>18.0</TaxRate>
            </Line-Item>
        </Line>
        <Line>
            <Line-Item>
                <LineNumber>7</LineNumber>
                <EAN>4607029345813</EAN>
                <BuyerItemCode>3342250</BuyerItemCode>
                <OrderedQuantity>1</OrderedQuantity>
                <OrderedUnitPacksize>1.000</OrderedUnitPacksize>
                <UnitOfMeasure>PCE</UnitOfMeasure>
                <OrderedUnitNetPrice>291.82</OrderedUnitNetPrice>
                <OrderedUnitGrossPrice>344.35</OrderedUnitGrossPrice>
                <TaxRate>18.0</TaxRate>
            </Line-Item>
        </Line>
        <Line>
            <Line-Item>
                <LineNumber>8</LineNumber>
                <EAN>4607065713973</EAN>
                <BuyerItemCode>3373054</BuyerItemCode>
                <OrderedQuantity>5</OrderedQuantity>
                <OrderedUnitPacksize>5.000</OrderedUnitPacksize>
                <UnitOfMeasure>PCE</UnitOfMeasure>
                <OrderedUnitNetPrice>114.97</OrderedUnitNetPrice>
                <OrderedUnitGrossPrice>135.66</OrderedUnitGrossPrice>
                <TaxRate>18.0</TaxRate>
            </Line-Item>
        </Line>
        <Line>
            <Line-Item>
                <LineNumber>9</LineNumber>
                <EAN>4660011130514</EAN>
                <BuyerItemCode>3388943</BuyerItemCode>
                <OrderedQuantity>1</OrderedQuantity>
                <OrderedUnitPacksize>1.000</OrderedUnitPacksize>
                <UnitOfMeasure>PCE</UnitOfMeasure>
                <OrderedUnitNetPrice>339.95</OrderedUnitNetPrice>
                <OrderedUnitGrossPrice>401.14</OrderedUnitGrossPrice>
                <TaxRate>18.0</TaxRate>
            </Line-Item>
        </Line>
        <Line>
            <Line-Item>
                <LineNumber>10</LineNumber>
                <EAN>4660011131023</EAN>
                <BuyerItemCode>3431403</BuyerItemCode>
                <OrderedQuantity>2</OrderedQuantity>
                <OrderedUnitPacksize>1.000</OrderedUnitPacksize>
                <UnitOfMeasure>PCE</UnitOfMeasure>
                <OrderedUnitNetPrice>168.72</OrderedUnitNetPrice>
                <OrderedUnitGrossPrice>199.09</OrderedUnitGrossPrice>
                <TaxRate>18.0</TaxRate>
            </Line-Item>
        </Line>
        <Line>
            <Line-Item>
                <LineNumber>11</LineNumber>
                <EAN>4660011131016</EAN>
                <BuyerItemCode>3464824</BuyerItemCode>
                <OrderedQuantity>4</OrderedQuantity>
                <OrderedUnitPacksize>1.000</OrderedUnitPacksize>
                <UnitOfMeasure>PCE</UnitOfMeasure>
                <OrderedUnitNetPrice>174.16</OrderedUnitNetPrice>
                <OrderedUnitGrossPrice>205.51</OrderedUnitGrossPrice>
                <TaxRate>18.0</TaxRate>
            </Line-Item>
        </Line>
        <Line>
            <Line-Item>
                <LineNumber>12</LineNumber>
                <EAN>4660011131474</EAN>
                <BuyerItemCode>3468755</BuyerItemCode>
                <OrderedQuantity>1</OrderedQuantity>
                <OrderedUnitPacksize>1.000</OrderedUnitPacksize>
                <UnitOfMeasure>PCE</UnitOfMeasure>
                <OrderedUnitNetPrice>133.80</OrderedUnitNetPrice>
                <OrderedUnitGrossPrice>157.88</OrderedUnitGrossPrice>
                <TaxRate>18.0</TaxRate>
            </Line-Item>
        </Line>
    </Order-Lines>
    <Order-Summary>
        <TotalLines>12</TotalLines>
        <TotalOrderedAmount>45</TotalOrderedAmount>
    </Order-Summary>
</Document-Order>